[
    { "id": 1, "name": "John Doe", "designation": "Manager", "salary": 50000, "path":"assets/images/emp2.png" },
    { "id": 2, "name": "Jane Smith", "designation": "Developer", "salary": 40000, "path":"assets/images/emp3.png" },
    { "id": 3, "name": "Mike Johnson", "designation": "Designer", "salary": 45000, "path":"assets/images/emp4.png" },
    { "id": 4, "name": "viknesh", "designation": "sales", "salary": 20000, "path":"assets/images/emp5.png" },
    { "id": 5, "name": "salman", "designation": "Marketing", "salary": 10000, "path":"assets/images/profile.png" },
    { "id": 6, "name": "varun", "designation": "Cloud engineer", "salary": 90000, "path":"assets/images/emp.png" }

]  