[

  {"productId": 101,"subTotal":0,"quantity":1,"productName":"LG AC", "productPrice":20000,"productDesc":"Dual Inverter","productImg":"assets/images/ac.png"},
   
   {"productId": 102,"subTotal":0,"quantity":1,"productName":"Bike", "productPrice":25000,"productDesc":"Ktm bike","productImg":"assets/images/bike.png"},
   
  {"productId": 103,"subTotal":0,"quantity":1,"productName":"Laptop", "productPrice":26000,"productDesc":"Laptop","productImg":"assets/images/laptop.png"},
   
  {"productId": 204,"subTotal":0,"quantity":1,"productName":"Iphone", "productPrice":30000,"productDesc":"Apple product","productImg":"assets/images/iphone.png"},
   
{"productId": 205,"subTotal":0,"quantity":1,"productName":"Guitar", "productPrice":32000,"productDesc":"Guitar","productImg":"assets/images/guitar.png"},
   
{"productId": 206,"subTotal":0,"quantity":1,"productName":"Macbook Pro", "productPrice":21000,"productDesc":"Apple product","productImg":"assets/images/macbook.png"}
   
]
  